{"accuracy": 0.8761904761904762, "specificity": 0.25, "sensitivity": 0.9887640449438202}