{"accuracy": 0.8380952380952381, "specificity": 0.0, "sensitivity": 0.9887640449438202}